<?xml version="1.0" encoding="UTF-8"?>
<metadata>
  <identifier>geometry_dash_music</identifier>
  <mediatype>audio</mediatype>
  <collection>opensource_audio</collection>
  <description>Geometry Dash music files&lt;br /&gt;</description>
  <scanner>Internet Archive HTML5 Uploader 1.6.3</scanner>
  <subject>geometry dash</subject>
  <title>Geometry Dash Music files</title>
  <subject>music</subject>
  <publicdate>2016-02-08 01:01:15</publicdate>
  <uploader>i1254170@trbvm.com</uploader>
  <addeddate>2016-02-08 01:01:15</addeddate>
  <curation>[curator]validator@archive.org[/curator][date]20160208010137[/date][comment]checked for malware[/comment]</curation>
  <backup_location>ia905509_26</backup_location>
</metadata>
